{"0": 0.05533049040511727, "1": 0.06625293525662529, "2": 0.11538461538461539}